0000000000000000000000000000000000000000000000000de0b6b3a763ffd9,0000000000000000000000000000000000000000000000000000000000000002
0000000000000000000000000000000000000000000000000de0b6b3a763ffb2,0000000000000000000000000000000000000000000000000000000000000004
0000000000000000000000000000000000000000000000000de0b6b3a763ff89,0000000000000000000000000000000000000000000000000000000000000006
0000000000000000000000000000000000000000000000000de0b6b3a763ff62,0000000000000000000000000000000000000000000000000000000000000008
0000000000000000000000000000000000000000000000000de0b6b3a763ff3a,000000000000000000000000000000000000000000000000000000000000000a
0000000000000000000000000000000000000000000000000de0b6b3a763ff12,000000000000000000000000000000000000000000000000000000000000000c
0000000000000000000000000000000000000000000000000de0b6b3a763feea,000000000000000000000000000000000000000000000000000000000000000e
0000000000000000000000000000000000000000000000000de0b6b3a763fec2,0000000000000000000000000000000000000000000000000000000000000010
0000000000000000000000000000000000000000000000000de0b6b3a763fe9a,0000000000000000000000000000000000000000000000000000000000000012
0000000000000000000000000000000000000000000000000de0b6b3a763fe73,0000000000000000000000000000000000000000000000000000000000000014
